Team,Player,Event,Outcome,Mins,Secs,X,Y,X2,Y2
barca,pedri,Pass,Successful,0,1,61.7,12.8,77.9,37.5
barca,pedri,Pass,Successful,0,10,70.2,45.0,96.6,62.0
barca,pedri,Pass,Successful,0,12,23.3,46.1,46.8,49.8
barca,pedri,Pass,Successful,0,14,58.2,54.4,64.8,72.5
barca,pedri,Pass,Successful,0,16,62.8,60.6,82.5,74.7
barca,pedri,Pass,Successful,0,18,69.1,22.6,63.2,28.2
barca,pedri,Pass,Successful,0,24,65.8,21.6,55.3,32.3
barca,pedri,Pass,Successful,0,28,64.5,32.2,72.6,21.3
barca,pedri,Pass,Successful,0,30,72.7,34.6,68.9,37.3
barca,pedri,Pass,Successful,0,34,72.4,43.2,89.2,53.0
barca,pedri,Pass,Unsuccessful,0,37,47.4,53.3,76.5,64.9
barca,pedri,Pass,Successful,0,40,80.5,20.4,86.6,29.7
barca,pedri,Pass,Successful,0,42,83.8,16.2,84.4,29.5
barca,pedri,Pass,Successful,0,47,77.5,24.9,96.1,4.4
barca,pedri,Pass,Successful,0,55,64.0,49.5,106.2,56.2
barca,pedri,Pass,Successful,1,1,51.5,22.3,69.2,5.8
barca,pedri,Pass,Successful,1,9,69.7,12.4,61.8,21.2
barca,pedri,Pass,Unsuccessful,1,16,53.4,25.3,95.0,64.8
barca,pedri,Pass,Successful,1,24,94.7,31.8,85.7,19.6
barca,pedri,Pass,Successful,1,27,49.8,60.7,55.0,66.9
barca,pedri,Pass,Successful,1,32,77.1,39.3,74.0,56.1
barca,pedri,Pass,Successful,1,42,67.0,48.2,82.7,63.4
barca,pedri,Pass,Successful,1,44,85.7,63.1,75.9,73.3
barca,pedri,Pass,Successful,1,47,74.3,40.5,93.9,34.5
barca,pedri,Pass,Successful,1,51,95.5,41.8,109.5,50.5
barca,pedri,Pass,Successful,2,5,86.9,47.9,84.1,33.7
barca,pedri,Pass,Successful,2,12,77.3,42.3,93.1,74.8
barca,pedri,Pass,Successful,2,19,89.5,54.5,71.8,37.3
barca,pedri,Pass,Successful,2,26,81.6,41.3,93.3,45.7
barca,pedri,Pass,Successful,2,28,68.0,45.0,59.6,49.3
barca,pedri,Pass,Successful,2,30,67.0,43.4,61.8,47.6
barca,pedri,Pass,Successful,2,34,71.8,26.3,84.7,18.5
barca,pedri,Pass,Successful,2,38,71.9,18.6,80.1,6.1
barca,pedri,Pass,Successful,2,46,63.7,24.9,74.6,8.2
barca,pedri,Pass,Unsuccessful,2,58,101.6,4.2,75.6,9.7
barca,pedri,Pass,Unsuccessful,3,5,56.0,44.9,57.5,33.7
barca,pedri,Pass,Successful,3,8,49.2,48.3,36.4,35.1
barca,pedri,Pass,Successful,3,11,36.1,70.0,23.4,64.7
barca,pedri,Pass,Successful,3,16,50.4,75.1,59.1,51.7
barca,pedri,Pass,Successful,3,21,49.3,50.5,24.5,29.5
barca,pedri,Pass,Successful,3,28,47.3,62.5,56.6,43.3
barca,pedri,Pass,Successful,3,35,39.5,25.5,36.7,54.9
barca,pedri,Pass,Successful,3,41,45.5,54.9,51.4,44.1
barca,pedri,Pass,Successful,3,46,42.7,42.9,23.7,62.3
barca,pedri,Pass,Successful,4,14,53.1,45.7,62.3,51.7
barca,pedri,Pass,Successful,4,14,51.7,46.9,61.2,52.9
barca,pedri,Pass,Successful,4,21,58.7,38.6,52.5,43.6
barca,pedri,Pass,Successful,4,33,54.2,39.4,52.2,49.7
barca,pedri,Pass,Successful,4,36,55.7,41.0,52.5,29.3
barca,pedri,Pass,Successful,4,41,57.9,42.8,44.9,54.5
barca,pedri,Pass,Successful,4,52,60.4,59.9,47.8,42.5
barca,pedri,Pass,Successful,4,57,55.2,49.8,44.3,37.3
barca,pedri,Pass,Successful,5,3,57.4,35.1,32.6,41.2
barca,pedri,Pass,Successful,5,8,68.5,51.1,61.7,67.1
barca,pedri,Pass,Successful,5,13,69.9,71.7,63.7,57.0
barca,pedri,Pass,Successful,5,25,4.8,24.1,12.4,24.1
barca,pedri,Pass,Successful,5,47,32.4,19.4,19.1,25.3